artist,album,title,seg_id,label_predicted,score,label_predicted_second,score_second
Epik High,"Pieces, Pt. 1",Décalcomanie,0,Epik High,0.6684203743934631,브로콜리 너마저,0.19538995623588562
Epik High,"Pieces, Pt. 1",Décalcomanie,1,Epik High,0.6601270437240601,브로콜리 너마저,0.2758900225162506
Epik High,"Pieces, Pt. 1",Décalcomanie,10,Epik High,0.951969563961029,브로콜리 너마저,0.019147126004099846
Epik High,"Pieces, Pt. 1",Décalcomanie,11,Epik High,0.8505168557167053,Red Hot Chili Peppers,0.058045290410518646
Epik High,"Pieces, Pt. 1",Décalcomanie,12,Epik High,0.7356245517730713,Red Hot Chili Peppers,0.1498674601316452
Epik High,"Pieces, Pt. 1",Décalcomanie,13,Suede,0.9846979975700378,Epik High,0.0059350598603487015
Epik High,"Pieces, Pt. 1",Décalcomanie,14,Epik High,0.4450795352458954,브로콜리 너마저,0.3582991063594818
Epik High,"Pieces, Pt. 1",Décalcomanie,15,브로콜리 너마저,0.8264391422271729,Epik High,0.08035321533679962
Epik High,"Pieces, Pt. 1",Décalcomanie,16,Epik High,0.7498680353164673,Mika,0.156361386179924
Epik High,"Pieces, Pt. 1",Décalcomanie,17,Epik High,0.7133610844612122,Red Hot Chili Peppers,0.10194588452577591
Epik High,"Pieces, Pt. 1",Décalcomanie,18,Epik High,0.4764356315135956,Red Hot Chili Peppers,0.3302072584629059
Epik High,"Pieces, Pt. 1",Décalcomanie,19,Epik High,0.8863556385040283,Mika,0.03673965483903885
Epik High,"Pieces, Pt. 1",Décalcomanie,2,Epik High,0.9566377401351929,브로콜리 너마저,0.013670249842107296
Epik High,"Pieces, Pt. 1",Décalcomanie,3,Epik High,0.9618012309074402,브로콜리 너마저,0.011017723008990288
Epik High,"Pieces, Pt. 1",Décalcomanie,4,Epik High,0.9594897627830505,Mika,0.012986117042601109
Epik High,"Pieces, Pt. 1",Décalcomanie,5,Epik High,0.9421908855438232,Mika,0.019061965867877007
Epik High,"Pieces, Pt. 1",Décalcomanie,6,Epik High,0.8055399060249329,Red Hot Chili Peppers,0.087925486266613
Epik High,"Pieces, Pt. 1",Décalcomanie,7,Epik High,0.9233921766281128,브로콜리 너마저,0.03456459566950798
Epik High,"Pieces, Pt. 1",Décalcomanie,8,Epik High,0.962594211101532,브로콜리 너마저,0.010220952332019806
Epik High,"Pieces, Pt. 1",Décalcomanie,9,Epik High,0.9590912461280823,브로콜리 너마저,0.013151898048818111
Epik High,"Pieces, Pt. 1",Eight by Eight,0,Epik High,0.9241722226142883,Mika,0.03629687801003456
Epik High,"Pieces, Pt. 1",Eight by Eight,1,Epik High,0.8016241788864136,Mika,0.1498228907585144
Epik High,"Pieces, Pt. 1",Eight by Eight,10,Epik High,0.9669660925865173,Rage Against the Machine,0.007289574947208166
Epik High,"Pieces, Pt. 1",Eight by Eight,11,Epik High,0.9643260836601257,Mika,0.011508135125041008
Epik High,"Pieces, Pt. 1",Eight by Eight,12,Epik High,0.7663289904594421,Mika,0.18361295759677887
Epik High,"Pieces, Pt. 1",Eight by Eight,13,Epik High,0.5872644186019897,Mika,0.3551788628101349
Epik High,"Pieces, Pt. 1",Eight by Eight,14,Epik High,0.9516753554344177,Mika,0.0221631471067667
Epik High,"Pieces, Pt. 1",Eight by Eight,15,Epik High,0.9437643885612488,Mika,0.030958028510212898
Epik High,"Pieces, Pt. 1",Eight by Eight,16,Epik High,0.7768325805664062,Mika,0.18085728585720062
Epik High,"Pieces, Pt. 1",Eight by Eight,17,Epik High,0.9262589812278748,Mika,0.038555487990379333
Epik High,"Pieces, Pt. 1",Eight by Eight,18,Epik High,0.8978247046470642,Rage Against the Machine,0.050980813801288605
Epik High,"Pieces, Pt. 1",Eight by Eight,19,Epik High,0.9386895895004272,Mika,0.020607760176062584
Epik High,"Pieces, Pt. 1",Eight by Eight,2,Epik High,0.6665687561035156,Mika,0.2748071849346161
Epik High,"Pieces, Pt. 1",Eight by Eight,3,Epik High,0.9628844857215881,Mika,0.013079600408673286
Epik High,"Pieces, Pt. 1",Eight by Eight,4,Epik High,0.9637896418571472,Rage Against the Machine,0.010023637674748898
Epik High,"Pieces, Pt. 1",Eight by Eight,5,Epik High,0.848361611366272,Mika,0.0897950753569603
Epik High,"Pieces, Pt. 1",Eight by Eight,6,Epik High,0.9143165946006775,Mika,0.041968896985054016
Epik High,"Pieces, Pt. 1",Eight by Eight,7,Mika,0.4655992090702057,Epik High,0.4619613587856293
Epik High,"Pieces, Pt. 1",Eight by Eight,8,Epik High,0.9153937697410583,Mika,0.047582224011421204
Epik High,"Pieces, Pt. 1",Eight by Eight,9,Epik High,0.9586803317070007,Mika,0.015802333131432533
Fall Out Boy,Infinity on High,Fame＜Infamy,0,Fall Out Boy,0.9808793663978577,Muse,0.004345433786511421
Fall Out Boy,Infinity on High,Fame＜Infamy,1,Fall Out Boy,0.9727842211723328,Madeon,0.00770866172388196
Fall Out Boy,Infinity on High,Fame＜Infamy,10,Fall Out Boy,0.9820591807365417,Muse,0.004469883628189564
Fall Out Boy,Infinity on High,Fame＜Infamy,11,Fall Out Boy,0.9827215075492859,Muse,0.004497785121202469
Fall Out Boy,Infinity on High,Fame＜Infamy,12,Fall Out Boy,0.981380045413971,Madeon,0.00442891800776124
Fall Out Boy,Infinity on High,Fame＜Infamy,13,Fall Out Boy,0.9807420969009399,Mika,0.004924863111227751
Fall Out Boy,Infinity on High,Fame＜Infamy,14,Fall Out Boy,0.944793164730072,Muse,0.03719360753893852
Fall Out Boy,Infinity on High,Fame＜Infamy,15,Fall Out Boy,0.969575047492981,Muse,0.0074677555821835995
Fall Out Boy,Infinity on High,Fame＜Infamy,16,Fall Out Boy,0.9805090427398682,Muse,0.005721287801861763
Fall Out Boy,Infinity on High,Fame＜Infamy,17,Fall Out Boy,0.9794468879699707,Mr.Big,0.006794310174882412
Fall Out Boy,Infinity on High,Fame＜Infamy,18,Fall Out Boy,0.981728732585907,Madeon,0.004749335814267397
Fall Out Boy,Infinity on High,Fame＜Infamy,19,Fall Out Boy,0.9794929623603821,Mr.Big,0.006355587858706713
Fall Out Boy,Infinity on High,Fame＜Infamy,2,Fall Out Boy,0.9760684967041016,Mika,0.006121370010077953
Fall Out Boy,Infinity on High,Fame＜Infamy,3,Fall Out Boy,0.9796386957168579,Mika,0.006243954412639141
Fall Out Boy,Infinity on High,Fame＜Infamy,4,Fall Out Boy,0.9799913167953491,Madeon,0.004878207575529814
Fall Out Boy,Infinity on High,Fame＜Infamy,5,Fall Out Boy,0.9802984595298767,Mr.Big,0.006878638174384832
Fall Out Boy,Infinity on High,Fame＜Infamy,6,Fall Out Boy,0.9812631607055664,Madeon,0.005748325027525425
Fall Out Boy,Infinity on High,Fame＜Infamy,7,Fall Out Boy,0.9782243967056274,Mika,0.0050783404149115086
Fall Out Boy,Infinity on High,Fame＜Infamy,8,Fall Out Boy,0.9804321527481079,Mika,0.00515214167535305
Fall Out Boy,Infinity on High,Fame＜Infamy,9,Fall Out Boy,0.980705738067627,Muse,0.00598849356174469
Fall Out Boy,Infinity on High,Golden,0,Suede,0.49919697642326355,Fall Out Boy,0.3319466710090637
Fall Out Boy,Infinity on High,Golden,1,Fall Out Boy,0.766044020652771,Muse,0.11706439405679703
Fall Out Boy,Infinity on High,Golden,10,Suede,0.33103737235069275,Fall Out Boy,0.28266021609306335
Fall Out Boy,Infinity on High,Golden,11,Red Hot Chili Peppers,0.3621799349784851,Fall Out Boy,0.3363669812679291
Fall Out Boy,Infinity on High,Golden,12,Red Hot Chili Peppers,0.9579815864562988,Fall Out Boy,0.011834604665637016
Fall Out Boy,Infinity on High,Golden,13,Fall Out Boy,0.5612048506736755,Suede,0.1120031327009201
Fall Out Boy,Infinity on High,Golden,14,Suede,0.9538792967796326,Red Hot Chili Peppers,0.011136711575090885
Fall Out Boy,Infinity on High,Golden,15,Fall Out Boy,0.9036113023757935,Madeon,0.03202851489186287
Fall Out Boy,Infinity on High,Golden,16,Fall Out Boy,0.6054568886756897,Mika,0.13947877287864685
Fall Out Boy,Infinity on High,Golden,17,Fall Out Boy,0.8596554398536682,Muse,0.06655724346637726
Fall Out Boy,Infinity on High,Golden,18,Fall Out Boy,0.9427374601364136,Muse,0.02936112880706787
Fall Out Boy,Infinity on High,Golden,19,Fall Out Boy,0.5977329611778259,Muse,0.34803077578544617
Fall Out Boy,Infinity on High,Golden,2,Fall Out Boy,0.3707221746444702,Red Hot Chili Peppers,0.3581710755825043
Fall Out Boy,Infinity on High,Golden,3,Suede,0.5982121229171753,Fall Out Boy,0.17224375903606415
Fall Out Boy,Infinity on High,Golden,4,Fall Out Boy,0.9508142471313477,Muse,0.016339486464858055
Fall Out Boy,Infinity on High,Golden,5,Fall Out Boy,0.9022552371025085,Muse,0.031680189073085785
Fall Out Boy,Infinity on High,Golden,6,Fall Out Boy,0.691084086894989,브로콜리 너마저,0.11442860215902328
Fall Out Boy,Infinity on High,Golden,7,Fall Out Boy,0.9253860712051392,Madeon,0.030021440237760544
Fall Out Boy,Infinity on High,Golden,8,Fall Out Boy,0.958552360534668,Muse,0.014657264575362206
Fall Out Boy,Infinity on High,Golden,9,브로콜리 너마저,0.7531115412712097,Red Hot Chili Peppers,0.1295560598373413
Madeon,Adventure [Deluxe Edition] Disc 1,La Lune,0,Suede,0.8336220979690552,Madeon,0.11969628185033798
Madeon,Adventure [Deluxe Edition] Disc 1,La Lune,1,Fall Out Boy,0.528389036655426,Mika,0.24321244657039642
Madeon,Adventure [Deluxe Edition] Disc 1,La Lune,10,Madeon,0.9859204888343811,Fall Out Boy,0.005587076302617788
Madeon,Adventure [Deluxe Edition] Disc 1,La Lune,11,Madeon,0.8701701164245605,Fall Out Boy,0.09835208207368851
Madeon,Adventure [Deluxe Edition] Disc 1,La Lune,12,Madeon,0.7485272288322449,Epik High,0.20718112587928772
Madeon,Adventure [Deluxe Edition] Disc 1,La Lune,13,Madeon,0.9771932363510132,Epik High,0.011089403182268143
Madeon,Adventure [Deluxe Edition] Disc 1,La Lune,14,Madeon,0.986799955368042,Fall Out Boy,0.004983704537153244
Madeon,Adventure [Deluxe Edition] Disc 1,La Lune,15,Madeon,0.9876822829246521,Fall Out Boy,0.0030331569723784924
Madeon,Adventure [Deluxe Edition] Disc 1,La Lune,16,Madeon,0.9880306124687195,Fall Out Boy,0.0030626622028648853
Madeon,Adventure [Deluxe Edition] Disc 1,La Lune,17,Madeon,0.9861775636672974,Epik High,0.005331886000931263
Madeon,Adventure [Deluxe Edition] Disc 1,La Lune,18,Madeon,0.6862846612930298,Suede,0.18154354393482208
Madeon,Adventure [Deluxe Edition] Disc 1,La Lune,19,Madeon,0.9253953695297241,Suede,0.02934928797185421
Madeon,Adventure [Deluxe Edition] Disc 1,La Lune,2,Madeon,0.5514354705810547,Fall Out Boy,0.4170081913471222
Madeon,Adventure [Deluxe Edition] Disc 1,La Lune,3,Madeon,0.9839785695075989,Fall Out Boy,0.006923820357769728
Madeon,Adventure [Deluxe Edition] Disc 1,La Lune,4,Madeon,0.987934947013855,Epik High,0.004201406612992287
Madeon,Adventure [Deluxe Edition] Disc 1,La Lune,5,Madeon,0.9742953777313232,Epik High,0.015378140844404697
Madeon,Adventure [Deluxe Edition] Disc 1,La Lune,6,Madeon,0.9880505204200745,Fall Out Boy,0.003396635642275214
Madeon,Adventure [Deluxe Edition] Disc 1,La Lune,7,Madeon,0.9872544407844543,Epik High,0.00442833686247468
Madeon,Adventure [Deluxe Edition] Disc 1,La Lune,8,Madeon,0.9875431060791016,Epik High,0.004709599073976278
Madeon,Adventure [Deluxe Edition] Disc 1,La Lune,9,Madeon,0.9880173206329346,Epik High,0.003626824589446187
Madeon,Adventure [Deluxe Edition] Disc 2,Cut the Kid,0,Madeon,0.9800624251365662,Fall Out Boy,0.0069673084653913975
Madeon,Adventure [Deluxe Edition] Disc 2,Cut the Kid,1,Madeon,0.8793771266937256,Epik High,0.052285563200712204
Madeon,Adventure [Deluxe Edition] Disc 2,Cut the Kid,10,Madeon,0.9867120981216431,Epik High,0.0044294423423707485
Madeon,Adventure [Deluxe Edition] Disc 2,Cut the Kid,11,Madeon,0.9684674143791199,Epik High,0.017075801268219948
Madeon,Adventure [Deluxe Edition] Disc 2,Cut the Kid,12,Madeon,0.5938413143157959,Epik High,0.30194878578186035
Madeon,Adventure [Deluxe Edition] Disc 2,Cut the Kid,13,Madeon,0.7840210199356079,Epik High,0.10086185485124588
Madeon,Adventure [Deluxe Edition] Disc 2,Cut the Kid,14,Madeon,0.9851086735725403,Epik High,0.005431393627077341
Madeon,Adventure [Deluxe Edition] Disc 2,Cut the Kid,15,Madeon,0.9870953559875488,Epik High,0.004380279686301947
Madeon,Adventure [Deluxe Edition] Disc 2,Cut the Kid,16,Madeon,0.9874818325042725,Epik High,0.004004360176622868
Madeon,Adventure [Deluxe Edition] Disc 2,Cut the Kid,17,Madeon,0.9875136017799377,Epik High,0.0036828103475272655
Madeon,Adventure [Deluxe Edition] Disc 2,Cut the Kid,18,Madeon,0.9830402731895447,Epik High,0.008456986397504807
Madeon,Adventure [Deluxe Edition] Disc 2,Cut the Kid,19,Madeon,0.9834141135215759,Epik High,0.008160680532455444
Madeon,Adventure [Deluxe Edition] Disc 2,Cut the Kid,2,Madeon,0.9866729974746704,Epik High,0.004518276080489159
Madeon,Adventure [Deluxe Edition] Disc 2,Cut the Kid,3,Madeon,0.9866772890090942,Epik High,0.004579976201057434
Madeon,Adventure [Deluxe Edition] Disc 2,Cut the Kid,4,Madeon,0.9853816032409668,Epik High,0.006322106812149286
Madeon,Adventure [Deluxe Edition] Disc 2,Cut the Kid,5,Madeon,0.9841046929359436,Epik High,0.00696202740073204
Madeon,Adventure [Deluxe Edition] Disc 2,Cut the Kid,6,Madeon,0.9837813377380371,Epik High,0.0067518348805606365
Madeon,Adventure [Deluxe Edition] Disc 2,Cut the Kid,7,Madeon,0.9835205674171448,Epik High,0.006799214985221624
Madeon,Adventure [Deluxe Edition] Disc 2,Cut the Kid,8,Madeon,0.9818549156188965,Epik High,0.008942282758653164
Madeon,Adventure [Deluxe Edition] Disc 2,Cut the Kid,9,Madeon,0.9848692417144775,Epik High,0.006294554099440575
Mika,Life in Cartoon Motion,Happy Ending,0,Mr.Big,0.8468600511550903,Mika,0.11194541305303574
Mika,Life in Cartoon Motion,Happy Ending,1,Mika,0.6960957646369934,Mr.Big,0.13029086589813232
Mika,Life in Cartoon Motion,Happy Ending,10,Mr.Big,0.9597804546356201,Mika,0.016550986096262932
Mika,Life in Cartoon Motion,Happy Ending,11,Mika,0.8407900929450989,브로콜리 너마저,0.060613397508859634
Mika,Life in Cartoon Motion,Happy Ending,12,Muse,0.5851200222969055,Mr.Big,0.14514397084712982
Mika,Life in Cartoon Motion,Happy Ending,13,Mika,0.7999966144561768,브로콜리 너마저,0.08405440300703049
Mika,Life in Cartoon Motion,Happy Ending,14,Suede,0.9822096824645996,Epik High,0.006278029177337885
Mika,Life in Cartoon Motion,Happy Ending,15,Mika,0.3806496262550354,Fall Out Boy,0.23031558096408844
Mika,Life in Cartoon Motion,Happy Ending,16,Red Hot Chili Peppers,0.8749300837516785,Epik High,0.06595570594072342
Mika,Life in Cartoon Motion,Happy Ending,17,Mika,0.7517626285552979,브로콜리 너마저,0.17932285368442535
Mika,Life in Cartoon Motion,Happy Ending,18,Epik High,0.40415871143341064,Mika,0.40035542845726013
Mika,Life in Cartoon Motion,Happy Ending,19,Suede,0.921855628490448,Epik High,0.048182401806116104
Mika,Life in Cartoon Motion,Happy Ending,2,브로콜리 너마저,0.7547717690467834,Muse,0.19172535836696625
Mika,Life in Cartoon Motion,Happy Ending,3,Mika,0.889714777469635,브로콜리 너마저,0.047349367290735245
Mika,Life in Cartoon Motion,Happy Ending,4,Mika,0.511820912361145,브로콜리 너마저,0.1676468402147293
Mika,Life in Cartoon Motion,Happy Ending,5,Mr.Big,0.73860102891922,Mika,0.21687568724155426
Mika,Life in Cartoon Motion,Happy Ending,6,Fall Out Boy,0.8149022459983826,Mika,0.14006860554218292
Mika,Life in Cartoon Motion,Happy Ending,7,Fall Out Boy,0.9187906980514526,Mika,0.020800631493330002
Mika,Life in Cartoon Motion,Happy Ending,8,Suede,0.3970755636692047,Fall Out Boy,0.32241910696029663
Mika,Life in Cartoon Motion,Happy Ending,9,Mr.Big,0.9597804546356201,Mika,0.016550986096262932
Mika,Life in Cartoon Motion,My Interpretation,0,Mika,0.7801210880279541,브로콜리 너마저,0.1560031920671463
Mika,Life in Cartoon Motion,My Interpretation,1,Mika,0.9009214043617249,브로콜리 너마저,0.0411984957754612
Mika,Life in Cartoon Motion,My Interpretation,10,Mika,0.8182049989700317,브로콜리 너마저,0.11944444477558136
Mika,Life in Cartoon Motion,My Interpretation,11,브로콜리 너마저,0.5123844742774963,Mika,0.37528225779533386
Mika,Life in Cartoon Motion,My Interpretation,12,Fall Out Boy,0.9452387094497681,Mika,0.03033728525042534
Mika,Life in Cartoon Motion,My Interpretation,13,Fall Out Boy,0.9510498642921448,Mika,0.023917406797409058
Mika,Life in Cartoon Motion,My Interpretation,14,Mika,0.7742230892181396,Fall Out Boy,0.14206385612487793
Mika,Life in Cartoon Motion,My Interpretation,15,Mika,0.7268581986427307,브로콜리 너마저,0.1863509863615036
Mika,Life in Cartoon Motion,My Interpretation,16,Fall Out Boy,0.792704701423645,Mika,0.15242262184619904
Mika,Life in Cartoon Motion,My Interpretation,17,Fall Out Boy,0.6088764667510986,Muse,0.19353251159191132
Mika,Life in Cartoon Motion,My Interpretation,18,Fall Out Boy,0.5777023434638977,브로콜리 너마저,0.18322710692882538
Mika,Life in Cartoon Motion,My Interpretation,19,브로콜리 너마저,0.47248077392578125,Mika,0.28033825755119324
Mika,Life in Cartoon Motion,My Interpretation,2,브로콜리 너마저,0.5957838296890259,Mika,0.3411458134651184
Mika,Life in Cartoon Motion,My Interpretation,3,브로콜리 너마저,0.6704365611076355,Mika,0.26336732506752014
Mika,Life in Cartoon Motion,My Interpretation,4,Mika,0.8204438090324402,브로콜리 너마저,0.128447026014328
Mika,Life in Cartoon Motion,My Interpretation,5,Mika,0.6876634955406189,브로콜리 너마저,0.2570415437221527
Mika,Life in Cartoon Motion,My Interpretation,6,Mika,0.4674144685268402,브로콜리 너마저,0.41915369033813477
Mika,Life in Cartoon Motion,My Interpretation,7,Mika,0.6657177209854126,브로콜리 너마저,0.2669028043746948
Mika,Life in Cartoon Motion,My Interpretation,8,Mika,0.7764307856559753,브로콜리 너마저,0.1640632003545761
Mika,Life in Cartoon Motion,My Interpretation,9,브로콜리 너마저,0.9204567074775696,Mika,0.038579028099775314
Mr.Big,Next Time Around,Addicted To That Rush,0,Suede,0.7065296769142151,Mr.Big,0.2852851450443268
Mr.Big,Next Time Around,Addicted To That Rush,1,Suede,0.5776631236076355,Mr.Big,0.2922208905220032
Mr.Big,Next Time Around,Addicted To That Rush,10,Suede,0.932099461555481,Mr.Big,0.055866140872240067
Mr.Big,Next Time Around,Addicted To That Rush,11,Mr.Big,0.9740697741508484,Fall Out Boy,0.011524355039000511
Mr.Big,Next Time Around,Addicted To That Rush,12,Mr.Big,0.8273928165435791,Mika,0.11077824234962463
Mr.Big,Next Time Around,Addicted To That Rush,13,Mr.Big,0.8898371458053589,Mika,0.0752093642950058
Mr.Big,Next Time Around,Addicted To That Rush,14,Mika,0.37989509105682373,Mr.Big,0.34755927324295044
Mr.Big,Next Time Around,Addicted To That Rush,15,Mr.Big,0.8774809241294861,Suede,0.10241268575191498
Mr.Big,Next Time Around,Addicted To That Rush,16,Mr.Big,0.9755536317825317,Suede,0.00704990653321147
Mr.Big,Next Time Around,Addicted To That Rush,17,Mr.Big,0.989840567111969,Suede,0.0037773125804960728
Mr.Big,Next Time Around,Addicted To That Rush,18,Muse,0.9834914803504944,브로콜리 너마저,0.006769175175577402
Mr.Big,Next Time Around,Addicted To That Rush,19,Rage Against the Machine,0.6095377802848816,Fall Out Boy,0.22761642932891846
Mr.Big,Next Time Around,Addicted To That Rush,2,Mr.Big,0.8102222681045532,Rage Against the Machine,0.12583264708518982
Mr.Big,Next Time Around,Addicted To That Rush,3,Mr.Big,0.7446281909942627,Suede,0.19081565737724304
Mr.Big,Next Time Around,Addicted To That Rush,4,Mr.Big,0.9892428517341614,Fall Out Boy,0.003036757465451956
Mr.Big,Next Time Around,Addicted To That Rush,5,Mr.Big,0.5571616291999817,Rage Against the Machine,0.22847093641757965
Mr.Big,Next Time Around,Addicted To That Rush,6,Mr.Big,0.9880663156509399,Suede,0.0034641858655959368
Mr.Big,Next Time Around,Addicted To That Rush,7,Mr.Big,0.988477349281311,Suede,0.0057683661580085754
Mr.Big,Next Time Around,Addicted To That Rush,8,Mr.Big,0.9118490219116211,Mika,0.03940838202834129
Mr.Big,Next Time Around,Addicted To That Rush,9,Rage Against the Machine,0.42987027764320374,Mr.Big,0.25285276770591736
Mr.Big,Next Time Around,Promise Her The Moon,0,Mr.Big,0.6413043141365051,Suede,0.3341638743877411
Mr.Big,Next Time Around,Promise Her The Moon,1,Mr.Big,0.9511108994483948,Mika,0.02314474992454052
Mr.Big,Next Time Around,Promise Her The Moon,10,Mr.Big,0.9889573454856873,Red Hot Chili Peppers,0.0028369196224957705
Mr.Big,Next Time Around,Promise Her The Moon,11,Mr.Big,0.7367738485336304,Mika,0.1081494614481926
Mr.Big,Next Time Around,Promise Her The Moon,12,Suede,0.5845974683761597,Mr.Big,0.4058934450149536
Mr.Big,Next Time Around,Promise Her The Moon,13,Fall Out Boy,0.3487982749938965,Mr.Big,0.1760941445827484
Mr.Big,Next Time Around,Promise Her The Moon,14,Mr.Big,0.9778750538825989,Mika,0.010471535846590996
Mr.Big,Next Time Around,Promise Her The Moon,15,Mr.Big,0.9485915899276733,Suede,0.04496333748102188
Mr.Big,Next Time Around,Promise Her The Moon,16,Suede,0.9813635349273682,Muse,0.004284104332327843
Mr.Big,Next Time Around,Promise Her The Moon,17,Suede,0.44594794511795044,Mr.Big,0.4160873293876648
Mr.Big,Next Time Around,Promise Her The Moon,18,Suede,0.9168968796730042,브로콜리 너마저,0.060518529266119
Mr.Big,Next Time Around,Promise Her The Moon,19,Suede,0.7848832607269287,Mr.Big,0.1092081293463707
Mr.Big,Next Time Around,Promise Her The Moon,2,Mr.Big,0.8957864046096802,Mika,0.05037318915128708
Mr.Big,Next Time Around,Promise Her The Moon,3,Mr.Big,0.9869430065155029,Mika,0.004468949045985937
Mr.Big,Next Time Around,Promise Her The Moon,4,Mr.Big,0.6785458922386169,Mika,0.16172552108764648
Mr.Big,Next Time Around,Promise Her The Moon,5,Mr.Big,0.6355952620506287,Fall Out Boy,0.12375306338071823
Mr.Big,Next Time Around,Promise Her The Moon,6,Suede,0.858147919178009,Mr.Big,0.11938492208719254
Mr.Big,Next Time Around,Promise Her The Moon,7,Mr.Big,0.9792983531951904,Fall Out Boy,0.010025499388575554
Mr.Big,Next Time Around,Promise Her The Moon,8,Mr.Big,0.9830428957939148,Fall Out Boy,0.006354378070682287
Mr.Big,Next Time Around,Promise Her The Moon,9,Mr.Big,0.9822965264320374,Mika,0.009138824418187141
Muse,Absolution,Ruled by Secrecy,0,Muse,0.8470229506492615,Madeon,0.04908084496855736
Muse,Absolution,Ruled by Secrecy,1,Muse,0.43911391496658325,Suede,0.2752985656261444
Muse,Absolution,Ruled by Secrecy,10,Muse,0.924978494644165,Madeon,0.024471869692206383
Muse,Absolution,Ruled by Secrecy,11,Muse,0.8391895890235901,Epik High,0.0576494038105011
Muse,Absolution,Ruled by Secrecy,12,Muse,0.9707141518592834,브로콜리 너마저,0.019274134188890457
Muse,Absolution,Ruled by Secrecy,13,Muse,0.9762260317802429,브로콜리 너마저,0.015506704337894917
Muse,Absolution,Ruled by Secrecy,14,Muse,0.9826299548149109,브로콜리 너마저,0.00601148372516036
Muse,Absolution,Ruled by Secrecy,15,Muse,0.9901584982872009,브로콜리 너마저,0.0031982448417693377
Muse,Absolution,Ruled by Secrecy,16,Muse,0.9865581393241882,Fall Out Boy,0.006458203308284283
Muse,Absolution,Ruled by Secrecy,17,Muse,0.9315764904022217,브로콜리 너마저,0.029150046408176422
Muse,Absolution,Ruled by Secrecy,18,브로콜리 너마저,0.5505061149597168,Muse,0.3530009984970093
Muse,Absolution,Ruled by Secrecy,19,브로콜리 너마저,0.27851083874702454,Red Hot Chili Peppers,0.27110555768013
Muse,Absolution,Ruled by Secrecy,2,Muse,0.9812425374984741,Suede,0.0073960917070508
Muse,Absolution,Ruled by Secrecy,3,Suede,0.8120449781417847,Madeon,0.13257330656051636
Muse,Absolution,Ruled by Secrecy,4,Suede,0.5208047032356262,Epik High,0.34967756271362305
Muse,Absolution,Ruled by Secrecy,5,Suede,0.5492344498634338,Epik High,0.3394084870815277
Muse,Absolution,Ruled by Secrecy,6,Muse,0.9776750206947327,브로콜리 너마저,0.013194377534091473
Muse,Absolution,Ruled by Secrecy,7,Muse,0.9204373955726624,브로콜리 너마저,0.05938296020030975
Muse,Absolution,Ruled by Secrecy,8,Muse,0.9680455327033997,브로콜리 너마저,0.024713966995477676
Muse,Absolution,Ruled by Secrecy,9,Muse,0.9737217426300049,브로콜리 너마저,0.019069740548729897
Muse,Absolution,Time Is Running Out,0,Muse,0.9266690611839294,Mika,0.021792003884911537
Muse,Absolution,Time Is Running Out,1,Muse,0.9221304655075073,Fall Out Boy,0.03463283181190491
Muse,Absolution,Time Is Running Out,10,Muse,0.956737756729126,Fall Out Boy,0.03682232275605202
Muse,Absolution,Time Is Running Out,11,Muse,0.9855344295501709,Fall Out Boy,0.006391590926796198
Muse,Absolution,Time Is Running Out,12,Muse,0.9616603255271912,브로콜리 너마저,0.024262288585305214
Muse,Absolution,Time Is Running Out,13,Muse,0.8847565054893494,Fall Out Boy,0.10053866356611252
Muse,Absolution,Time Is Running Out,14,Muse,0.9616683721542358,브로콜리 너마저,0.021683087572455406
Muse,Absolution,Time Is Running Out,15,Muse,0.9895033836364746,브로콜리 너마저,0.0041445279493927956
Muse,Absolution,Time Is Running Out,16,Muse,0.9783884882926941,Fall Out Boy,0.009280286729335785
Muse,Absolution,Time Is Running Out,17,Muse,0.9762306213378906,Fall Out Boy,0.018189270049333572
Muse,Absolution,Time Is Running Out,18,Muse,0.9816940426826477,Fall Out Boy,0.007218311075121164
Muse,Absolution,Time Is Running Out,19,Muse,0.9780771732330322,브로콜리 너마저,0.013076664879918098
Muse,Absolution,Time Is Running Out,2,Muse,0.9695284962654114,Fall Out Boy,0.01639915071427822
Muse,Absolution,Time Is Running Out,3,Muse,0.9867966175079346,Fall Out Boy,0.007394388318061829
Muse,Absolution,Time Is Running Out,4,Muse,0.97037672996521,Fall Out Boy,0.024165650829672813
Muse,Absolution,Time Is Running Out,5,Muse,0.9708351492881775,Fall Out Boy,0.020020605996251106
Muse,Absolution,Time Is Running Out,6,Muse,0.9502280950546265,Fall Out Boy,0.031274933367967606
Muse,Absolution,Time Is Running Out,7,브로콜리 너마저,0.4151582419872284,Mika,0.20295250415802002
Muse,Absolution,Time Is Running Out,8,Muse,0.9508677124977112,브로콜리 너마저,0.020844927057623863
Muse,Absolution,Time Is Running Out,9,Muse,0.9475631713867188,Fall Out Boy,0.024318568408489227
Muse,Black Holes and Revelations,Assasain,0,Red Hot Chili Peppers,0.9734132885932922,Rage Against the Machine,0.01347867026925087
Muse,Black Holes and Revelations,Assasain,1,Red Hot Chili Peppers,0.9759101867675781,Rage Against the Machine,0.011826489120721817
Muse,Black Holes and Revelations,Assasain,10,Muse,0.7585813403129578,Fall Out Boy,0.21819573640823364
Muse,Black Holes and Revelations,Assasain,11,Muse,0.9601555466651917,Fall Out Boy,0.023723583668470383
Muse,Black Holes and Revelations,Assasain,12,Red Hot Chili Peppers,0.38050588965415955,Fall Out Boy,0.2860332727432251
Muse,Black Holes and Revelations,Assasain,13,Muse,0.6173849701881409,Fall Out Boy,0.32347625494003296
Muse,Black Holes and Revelations,Assasain,14,Muse,0.852398693561554,Fall Out Boy,0.08108370006084442
Muse,Black Holes and Revelations,Assasain,15,Muse,0.9267875552177429,Fall Out Boy,0.02669290453195572
Muse,Black Holes and Revelations,Assasain,16,Red Hot Chili Peppers,0.645123302936554,Fall Out Boy,0.2436322569847107
Muse,Black Holes and Revelations,Assasain,17,Muse,0.8763248920440674,Fall Out Boy,0.11078246682882309
Muse,Black Holes and Revelations,Assasain,18,Muse,0.617677628993988,Fall Out Boy,0.2955752909183502
Muse,Black Holes and Revelations,Assasain,19,Red Hot Chili Peppers,0.8759685158729553,Muse,0.05977164953947067
Muse,Black Holes and Revelations,Assasain,2,Red Hot Chili Peppers,0.5414804816246033,Rage Against the Machine,0.15394164621829987
Muse,Black Holes and Revelations,Assasain,3,Red Hot Chili Peppers,0.3598211407661438,Rage Against the Machine,0.3043615221977234
Muse,Black Holes and Revelations,Assasain,4,Muse,0.9355460405349731,Fall Out Boy,0.031059807166457176
Muse,Black Holes and Revelations,Assasain,5,Muse,0.9363009929656982,Fall Out Boy,0.029597455635666847
Muse,Black Holes and Revelations,Assasain,6,브로콜리 너마저,0.6684969067573547,Muse,0.28124359250068665
Muse,Black Holes and Revelations,Assasain,7,Muse,0.9034245014190674,Fall Out Boy,0.06595096737146378
Muse,Black Holes and Revelations,Assasain,8,Muse,0.49553248286247253,Fall Out Boy,0.43825623393058777
Muse,Black Holes and Revelations,Assasain,9,Fall Out Boy,0.5920864939689636,Red Hot Chili Peppers,0.2071935385465622
Rage Against the Machine,Rage Against the Machine,Bullet In The Head,0,Rage Against the Machine,0.941606342792511,Red Hot Chili Peppers,0.020881494507193565
Rage Against the Machine,Rage Against the Machine,Bullet In The Head,1,Rage Against the Machine,0.9406697750091553,Mika,0.0181149709969759
Rage Against the Machine,Rage Against the Machine,Bullet In The Head,10,Rage Against the Machine,0.933785080909729,Red Hot Chili Peppers,0.021928666159510612
Rage Against the Machine,Rage Against the Machine,Bullet In The Head,11,Rage Against the Machine,0.5981749296188354,Mika,0.2713896632194519
Rage Against the Machine,Rage Against the Machine,Bullet In The Head,12,Red Hot Chili Peppers,0.8183985352516174,Rage Against the Machine,0.1427215039730072
Rage Against the Machine,Rage Against the Machine,Bullet In The Head,13,Red Hot Chili Peppers,0.47685086727142334,Rage Against the Machine,0.23175184428691864
Rage Against the Machine,Rage Against the Machine,Bullet In The Head,14,Mika,0.5182543992996216,Muse,0.2611493468284607
Rage Against the Machine,Rage Against the Machine,Bullet In The Head,15,브로콜리 너마저,0.7649003863334656,Mika,0.18224921822547913
Rage Against the Machine,Rage Against the Machine,Bullet In The Head,16,Muse,0.962734043598175,브로콜리 너마저,0.013556128367781639
Rage Against the Machine,Rage Against the Machine,Bullet In The Head,17,Mika,0.7159692645072937,Fall Out Boy,0.1338384449481964
Rage Against the Machine,Rage Against the Machine,Bullet In The Head,18,Muse,0.42291781306266785,Mika,0.2613025903701782
Rage Against the Machine,Rage Against the Machine,Bullet In The Head,19,Rage Against the Machine,0.6308978199958801,Red Hot Chili Peppers,0.26501795649528503
Rage Against the Machine,Rage Against the Machine,Bullet In The Head,2,Mika,0.5646791458129883,Rage Against the Machine,0.35687628388404846
Rage Against the Machine,Rage Against the Machine,Bullet In The Head,3,Rage Against the Machine,0.9103012681007385,Mika,0.04403095319867134
Rage Against the Machine,Rage Against the Machine,Bullet In The Head,4,Rage Against the Machine,0.8907479643821716,Mika,0.06222464144229889
Rage Against the Machine,Rage Against the Machine,Bullet In The Head,5,Rage Against the Machine,0.8006211519241333,Red Hot Chili Peppers,0.1704433113336563
Rage Against the Machine,Rage Against the Machine,Bullet In The Head,6,Rage Against the Machine,0.7963996529579163,Mika,0.11766648292541504
Rage Against the Machine,Rage Against the Machine,Bullet In The Head,7,Rage Against the Machine,0.9169336557388306,Mika,0.03594768047332764
Rage Against the Machine,Rage Against the Machine,Bullet In The Head,8,Rage Against the Machine,0.853341817855835,Mika,0.09242049604654312
Rage Against the Machine,Rage Against the Machine,Bullet In The Head,9,Rage Against the Machine,0.9428890943527222,Red Hot Chili Peppers,0.017589986324310303
Rage Against the Machine,Rage Against the Machine,Freedom,0,Rage Against the Machine,0.8628854155540466,Red Hot Chili Peppers,0.11248283088207245
Rage Against the Machine,Rage Against the Machine,Freedom,1,Rage Against the Machine,0.9321262836456299,Mika,0.02628485858440399
Rage Against the Machine,Rage Against the Machine,Freedom,10,Mika,0.5414968132972717,Rage Against the Machine,0.3831612765789032
Rage Against the Machine,Rage Against the Machine,Freedom,11,Rage Against the Machine,0.8232251405715942,Epik High,0.07885928452014923
Rage Against the Machine,Rage Against the Machine,Freedom,12,Rage Against the Machine,0.922759473323822,Red Hot Chili Peppers,0.02711142599582672
Rage Against the Machine,Rage Against the Machine,Freedom,13,Rage Against the Machine,0.9451166987419128,Red Hot Chili Peppers,0.016185317188501358
Rage Against the Machine,Rage Against the Machine,Freedom,14,Muse,0.7027589678764343,Madeon,0.09381727129220963
Rage Against the Machine,Rage Against the Machine,Freedom,15,Red Hot Chili Peppers,0.8377642631530762,Rage Against the Machine,0.0820588693022728
Rage Against the Machine,Rage Against the Machine,Freedom,16,Rage Against the Machine,0.8809114694595337,Fall Out Boy,0.04722398519515991
Rage Against the Machine,Rage Against the Machine,Freedom,17,Rage Against the Machine,0.901499330997467,Fall Out Boy,0.03233560174703598
Rage Against the Machine,Rage Against the Machine,Freedom,18,Rage Against the Machine,0.9061318635940552,Fall Out Boy,0.027430690824985504
Rage Against the Machine,Rage Against the Machine,Freedom,19,Red Hot Chili Peppers,0.787024974822998,Rage Against the Machine,0.06693435460329056
Rage Against the Machine,Rage Against the Machine,Freedom,2,Rage Against the Machine,0.9358266592025757,Red Hot Chili Peppers,0.035484302788972855
Rage Against the Machine,Rage Against the Machine,Freedom,3,Rage Against the Machine,0.9412063360214233,Mika,0.01679144613444805
Rage Against the Machine,Rage Against the Machine,Freedom,4,Rage Against the Machine,0.4722371995449066,Mika,0.41454392671585083
Rage Against the Machine,Rage Against the Machine,Freedom,5,Rage Against the Machine,0.8986323475837708,Mika,0.03710068017244339
Rage Against the Machine,Rage Against the Machine,Freedom,6,Rage Against the Machine,0.9357555508613586,Red Hot Chili Peppers,0.025320153683423996
Rage Against the Machine,Rage Against the Machine,Freedom,7,Rage Against the Machine,0.8959435224533081,Red Hot Chili Peppers,0.043599698692560196
Rage Against the Machine,Rage Against the Machine,Freedom,8,Rage Against the Machine,0.9443539381027222,Red Hot Chili Peppers,0.014999299310147762
Rage Against the Machine,Rage Against the Machine,Freedom,9,Rage Against the Machine,0.9481752514839172,Red Hot Chili Peppers,0.014721129089593887
Red Hot Chili Peppers,Greatest Hits,Otherside,0,Red Hot Chili Peppers,0.981620192527771,Rage Against the Machine,0.006051922217011452
Red Hot Chili Peppers,Greatest Hits,Otherside,1,Red Hot Chili Peppers,0.9812917709350586,Rage Against the Machine,0.00731552904471755
Red Hot Chili Peppers,Greatest Hits,Otherside,10,Red Hot Chili Peppers,0.9826478362083435,Rage Against the Machine,0.00909156072884798
Red Hot Chili Peppers,Greatest Hits,Otherside,11,Red Hot Chili Peppers,0.982822597026825,Rage Against the Machine,0.00890343077480793
Red Hot Chili Peppers,Greatest Hits,Otherside,12,Red Hot Chili Peppers,0.981406569480896,Rage Against the Machine,0.009022887796163559
Red Hot Chili Peppers,Greatest Hits,Otherside,13,Red Hot Chili Peppers,0.9807248115539551,Rage Against the Machine,0.00936657004058361
Red Hot Chili Peppers,Greatest Hits,Otherside,14,Red Hot Chili Peppers,0.981299102306366,Rage Against the Machine,0.008822460658848286
Red Hot Chili Peppers,Greatest Hits,Otherside,15,Red Hot Chili Peppers,0.9668152332305908,Rage Against the Machine,0.01778164692223072
Red Hot Chili Peppers,Greatest Hits,Otherside,16,Red Hot Chili Peppers,0.9476670026779175,Rage Against the Machine,0.024740172550082207
Red Hot Chili Peppers,Greatest Hits,Otherside,17,Red Hot Chili Peppers,0.9803171157836914,Rage Against the Machine,0.00821806862950325
Red Hot Chili Peppers,Greatest Hits,Otherside,18,Red Hot Chili Peppers,0.9810148477554321,Rage Against the Machine,0.010164756327867508
Red Hot Chili Peppers,Greatest Hits,Otherside,19,Red Hot Chili Peppers,0.9822835326194763,Rage Against the Machine,0.0085320258513093
Red Hot Chili Peppers,Greatest Hits,Otherside,2,Red Hot Chili Peppers,0.9835545420646667,Rage Against the Machine,0.007442612200975418
Red Hot Chili Peppers,Greatest Hits,Otherside,3,Red Hot Chili Peppers,0.9832478761672974,Rage Against the Machine,0.008255114778876305
Red Hot Chili Peppers,Greatest Hits,Otherside,4,Red Hot Chili Peppers,0.9825959205627441,Rage Against the Machine,0.00869455561041832
Red Hot Chili Peppers,Greatest Hits,Otherside,5,Red Hot Chili Peppers,0.9831393361091614,Rage Against the Machine,0.008171828463673592
Red Hot Chili Peppers,Greatest Hits,Otherside,6,Red Hot Chili Peppers,0.9789775609970093,Rage Against the Machine,0.008657054975628853
Red Hot Chili Peppers,Greatest Hits,Otherside,7,Red Hot Chili Peppers,0.9834643006324768,Rage Against the Machine,0.008398332633078098
Red Hot Chili Peppers,Greatest Hits,Otherside,8,Red Hot Chili Peppers,0.9836395382881165,Rage Against the Machine,0.007879674434661865
Red Hot Chili Peppers,Greatest Hits,Otherside,9,Red Hot Chili Peppers,0.9816017746925354,Rage Against the Machine,0.010533208958804607
Red Hot Chili Peppers,Greatest Hits,Scar Tissue,0,Red Hot Chili Peppers,0.9840595722198486,Rage Against the Machine,0.007364092860370874
Red Hot Chili Peppers,Greatest Hits,Scar Tissue,1,Red Hot Chili Peppers,0.9837026596069336,Rage Against the Machine,0.006971761584281921
Red Hot Chili Peppers,Greatest Hits,Scar Tissue,10,Red Hot Chili Peppers,0.9849971532821655,Rage Against the Machine,0.006178968586027622
Red Hot Chili Peppers,Greatest Hits,Scar Tissue,11,Red Hot Chili Peppers,0.9819911122322083,Rage Against the Machine,0.009517057798802853
Red Hot Chili Peppers,Greatest Hits,Scar Tissue,12,Red Hot Chili Peppers,0.9826750755310059,Rage Against the Machine,0.009244054555892944
Red Hot Chili Peppers,Greatest Hits,Scar Tissue,13,Red Hot Chili Peppers,0.9704328775405884,Rage Against the Machine,0.016418442130088806
Red Hot Chili Peppers,Greatest Hits,Scar Tissue,14,Red Hot Chili Peppers,0.9841451048851013,Rage Against the Machine,0.007041810546070337
Red Hot Chili Peppers,Greatest Hits,Scar Tissue,15,Red Hot Chili Peppers,0.9829753041267395,Rage Against the Machine,0.0076948716305196285
Red Hot Chili Peppers,Greatest Hits,Scar Tissue,16,Red Hot Chili Peppers,0.9615930318832397,Mr.Big,0.015751972794532776
Red Hot Chili Peppers,Greatest Hits,Scar Tissue,17,Red Hot Chili Peppers,0.979897677898407,Rage Against the Machine,0.011949265375733376
Red Hot Chili Peppers,Greatest Hits,Scar Tissue,18,Red Hot Chili Peppers,0.9753088355064392,Rage Against the Machine,0.014088165014982224
Red Hot Chili Peppers,Greatest Hits,Scar Tissue,19,Red Hot Chili Peppers,0.9827139973640442,Rage Against the Machine,0.008085758425295353
Red Hot Chili Peppers,Greatest Hits,Scar Tissue,2,Red Hot Chili Peppers,0.9820367693901062,Rage Against the Machine,0.008615340106189251
Red Hot Chili Peppers,Greatest Hits,Scar Tissue,3,Red Hot Chili Peppers,0.9838685393333435,Rage Against the Machine,0.007493250537663698
Red Hot Chili Peppers,Greatest Hits,Scar Tissue,4,Red Hot Chili Peppers,0.9844276309013367,Rage Against the Machine,0.006753275170922279
Red Hot Chili Peppers,Greatest Hits,Scar Tissue,5,Red Hot Chili Peppers,0.9794352054595947,Rage Against the Machine,0.012196406722068787
Red Hot Chili Peppers,Greatest Hits,Scar Tissue,6,Red Hot Chili Peppers,0.9821635484695435,Rage Against the Machine,0.009649696759879589
Red Hot Chili Peppers,Greatest Hits,Scar Tissue,7,Red Hot Chili Peppers,0.9842625856399536,Rage Against the Machine,0.007188235875219107
Red Hot Chili Peppers,Greatest Hits,Scar Tissue,8,Red Hot Chili Peppers,0.9832825660705566,Rage Against the Machine,0.006814474705606699
Red Hot Chili Peppers,Greatest Hits,Scar Tissue,9,Red Hot Chili Peppers,0.9840444326400757,Rage Against the Machine,0.006408033426851034
Suede,The Best of Suede Disc 1,So Young,0,Suede,0.9852547645568848,Mr.Big,0.010625905357301235
Suede,The Best of Suede Disc 1,So Young,1,Suede,0.9882429242134094,Mr.Big,0.008143930695950985
Suede,The Best of Suede Disc 1,So Young,10,Suede,0.9619073271751404,브로콜리 너마저,0.02495565079152584
Suede,The Best of Suede Disc 1,So Young,11,Suede,0.9931435585021973,Epik High,0.0021252029109746218
Suede,The Best of Suede Disc 1,So Young,12,Suede,0.9936210513114929,Epik High,0.0018352719489485025
Suede,The Best of Suede Disc 1,So Young,13,Suede,0.98941969871521,Epik High,0.004396464675664902
Suede,The Best of Suede Disc 1,So Young,14,Suede,0.9928444027900696,Mr.Big,0.0023336648009717464
Suede,The Best of Suede Disc 1,So Young,15,Suede,0.9799096584320068,Red Hot Chili Peppers,0.009292668662965298
Suede,The Best of Suede Disc 1,So Young,16,Suede,0.9935907125473022,Epik High,0.0013920384226366878
Suede,The Best of Suede Disc 1,So Young,17,Suede,0.9940322041511536,Epik High,0.0013613110641017556
Suede,The Best of Suede Disc 1,So Young,18,Suede,0.9905070066452026,Mr.Big,0.004094874020665884
Suede,The Best of Suede Disc 1,So Young,19,Suede,0.937517523765564,Mr.Big,0.052599143236875534
Suede,The Best of Suede Disc 1,So Young,2,Suede,0.9943918585777283,Mr.Big,0.0018628761172294617
Suede,The Best of Suede Disc 1,So Young,3,Suede,0.9941943287849426,Mr.Big,0.0021204703953117132
Suede,The Best of Suede Disc 1,So Young,4,Suede,0.9921274185180664,Mr.Big,0.0031816482078284025
Suede,The Best of Suede Disc 1,So Young,5,Suede,0.9937841892242432,Mr.Big,0.0021542301401495934
Suede,The Best of Suede Disc 1,So Young,6,Suede,0.9941603541374207,Mr.Big,0.002205674536526203
Suede,The Best of Suede Disc 1,So Young,7,Suede,0.9925284385681152,Mr.Big,0.0032898944336920977
Suede,The Best of Suede Disc 1,So Young,8,Suede,0.9878436326980591,Mr.Big,0.007590698078274727
Suede,The Best of Suede Disc 1,So Young,9,Suede,0.9938365817070007,Mr.Big,0.0018037153640761971
Suede,The Best of Suede Disc 1,The Wild Ones,0,Epik High,0.8017133474349976,Mika,0.06257451325654984
Suede,The Best of Suede Disc 1,The Wild Ones,1,Suede,0.9935426712036133,Muse,0.0018471741350367665
Suede,The Best of Suede Disc 1,The Wild Ones,10,Suede,0.9946341514587402,Mr.Big,0.0015440250281244516
Suede,The Best of Suede Disc 1,The Wild Ones,11,Suede,0.992949366569519,Mr.Big,0.0028670108877122402
Suede,The Best of Suede Disc 1,The Wild Ones,12,Suede,0.9947531223297119,Mr.Big,0.0018081511370837688
Suede,The Best of Suede Disc 1,The Wild Ones,13,Suede,0.9938580393791199,브로콜리 너마저,0.001587186474353075
Suede,The Best of Suede Disc 1,The Wild Ones,14,Suede,0.8049718141555786,Mr.Big,0.1893165558576584
Suede,The Best of Suede Disc 1,The Wild Ones,15,Suede,0.9903953671455383,Mr.Big,0.00606853561475873
Suede,The Best of Suede Disc 1,The Wild Ones,16,Suede,0.9941856861114502,Mr.Big,0.002278914675116539
Suede,The Best of Suede Disc 1,The Wild Ones,17,Suede,0.9937177896499634,Mr.Big,0.0024248913396149874
Suede,The Best of Suede Disc 1,The Wild Ones,18,Suede,0.991624653339386,Mr.Big,0.0038188390899449587
Suede,The Best of Suede Disc 1,The Wild Ones,19,Suede,0.994171679019928,Mr.Big,0.0012419272679835558
Suede,The Best of Suede Disc 1,The Wild Ones,2,Suede,0.9782732725143433,Mr.Big,0.014972483739256859
Suede,The Best of Suede Disc 1,The Wild Ones,3,Suede,0.9929747581481934,Mr.Big,0.002160110976547003
Suede,The Best of Suede Disc 1,The Wild Ones,4,Suede,0.9934393763542175,Mr.Big,0.0023154716473072767
Suede,The Best of Suede Disc 1,The Wild Ones,5,Suede,0.9947283864021301,Mr.Big,0.0015969345113262534
Suede,The Best of Suede Disc 1,The Wild Ones,6,Suede,0.9931836724281311,Mr.Big,0.00242892955429852
Suede,The Best of Suede Disc 1,The Wild Ones,7,Suede,0.9862675666809082,Mr.Big,0.004986198619008064
Suede,The Best of Suede Disc 1,The Wild Ones,8,Suede,0.9611400961875916,Mr.Big,0.02511529065668583
Suede,The Best of Suede Disc 1,The Wild Ones,9,Suede,0.9790695309638977,Red Hot Chili Peppers,0.009011360816657543
Suede,The Best of Suede Disc 2,Europe Is Our Playground,0,Epik High,0.7417051196098328,Madeon,0.17743904888629913
Suede,The Best of Suede Disc 2,Europe Is Our Playground,1,Epik High,0.33253955841064453,브로콜리 너마저,0.2730461359024048
Suede,The Best of Suede Disc 2,Europe Is Our Playground,10,Muse,0.7497022747993469,Madeon,0.1620466113090515
Suede,The Best of Suede Disc 2,Europe Is Our Playground,11,Epik High,0.927987277507782,Madeon,0.03992100805044174
Suede,The Best of Suede Disc 2,Europe Is Our Playground,12,Madeon,0.6221513748168945,Epik High,0.16399264335632324
Suede,The Best of Suede Disc 2,Europe Is Our Playground,13,Epik High,0.6535462737083435,Madeon,0.30356138944625854
Suede,The Best of Suede Disc 2,Europe Is Our Playground,14,Madeon,0.5584304928779602,Muse,0.3250046968460083
Suede,The Best of Suede Disc 2,Europe Is Our Playground,15,Epik High,0.7796225547790527,Madeon,0.16713538765907288
Suede,The Best of Suede Disc 2,Europe Is Our Playground,16,Epik High,0.4866081774234772,Madeon,0.4672708213329315
Suede,The Best of Suede Disc 2,Europe Is Our Playground,17,Epik High,0.7679338455200195,Madeon,0.18933437764644623
Suede,The Best of Suede Disc 2,Europe Is Our Playground,18,Epik High,0.8976743817329407,Madeon,0.06910840421915054
Suede,The Best of Suede Disc 2,Europe Is Our Playground,19,Epik High,0.7705907821655273,Red Hot Chili Peppers,0.1411546915769577
Suede,The Best of Suede Disc 2,Europe Is Our Playground,2,Epik High,0.2938568890094757,Mika,0.2627422511577606
Suede,The Best of Suede Disc 2,Europe Is Our Playground,3,브로콜리 너마저,0.9128842353820801,Muse,0.04045766592025757
Suede,The Best of Suede Disc 2,Europe Is Our Playground,4,브로콜리 너마저,0.9007226824760437,Suede,0.04984792321920395
Suede,The Best of Suede Disc 2,Europe Is Our Playground,5,Suede,0.871030867099762,브로콜리 너마저,0.08433983474969864
Suede,The Best of Suede Disc 2,Europe Is Our Playground,6,Muse,0.9131786823272705,Suede,0.06833422929048538
Suede,The Best of Suede Disc 2,Europe Is Our Playground,7,브로콜리 너마저,0.675023078918457,Muse,0.19295698404312134
Suede,The Best of Suede Disc 2,Europe Is Our Playground,8,브로콜리 너마저,0.6831424236297607,Muse,0.27705612778663635
Suede,The Best of Suede Disc 2,Europe Is Our Playground,9,Suede,0.7080605626106262,브로콜리 너마저,0.24973124265670776
Suede,The Best of Suede Disc 2,Pantomime Horse,0,Suede,0.9459303617477417,Mr.Big,0.04240654781460762
Suede,The Best of Suede Disc 2,Pantomime Horse,1,Suede,0.9820297360420227,Muse,0.012700957246124744
Suede,The Best of Suede Disc 2,Pantomime Horse,10,Muse,0.4151414930820465,Suede,0.37692564725875854
Suede,The Best of Suede Disc 2,Pantomime Horse,11,Muse,0.47595110535621643,브로콜리 너마저,0.32224616408348083
Suede,The Best of Suede Disc 2,Pantomime Horse,12,Fall Out Boy,0.5857793688774109,Rage Against the Machine,0.1841025948524475
Suede,The Best of Suede Disc 2,Pantomime Horse,13,Muse,0.7833643555641174,Suede,0.1752500981092453
Suede,The Best of Suede Disc 2,Pantomime Horse,14,Suede,0.5135279297828674,Fall Out Boy,0.22040055692195892
Suede,The Best of Suede Disc 2,Pantomime Horse,15,Suede,0.8700678944587708,Madeon,0.08607829362154007
Suede,The Best of Suede Disc 2,Pantomime Horse,16,Suede,0.9826695919036865,Muse,0.009400994516909122
Suede,The Best of Suede Disc 2,Pantomime Horse,17,Muse,0.5837780237197876,Fall Out Boy,0.3916538953781128
Suede,The Best of Suede Disc 2,Pantomime Horse,18,Mr.Big,0.3186264634132385,Red Hot Chili Peppers,0.3008692264556885
Suede,The Best of Suede Disc 2,Pantomime Horse,19,Suede,0.9867245554924011,Epik High,0.005732342135161161
Suede,The Best of Suede Disc 2,Pantomime Horse,2,Suede,0.9753726720809937,Muse,0.018317941576242447
Suede,The Best of Suede Disc 2,Pantomime Horse,3,Suede,0.9711059927940369,Mr.Big,0.024764588102698326
Suede,The Best of Suede Disc 2,Pantomime Horse,4,Fall Out Boy,0.8232976794242859,Mika,0.08934691548347473
Suede,The Best of Suede Disc 2,Pantomime Horse,5,Suede,0.9803346395492554,브로콜리 너마저,0.009747601114213467
Suede,The Best of Suede Disc 2,Pantomime Horse,6,Fall Out Boy,0.5703023672103882,Rage Against the Machine,0.18094129860401154
Suede,The Best of Suede Disc 2,Pantomime Horse,7,Madeon,0.6530457735061646,Fall Out Boy,0.23683859407901764
Suede,The Best of Suede Disc 2,Pantomime Horse,8,Suede,0.9894104599952698,Mr.Big,0.0027492339722812176
Suede,The Best of Suede Disc 2,Pantomime Horse,9,Madeon,0.36218157410621643,Muse,0.24786274135112762
Suede,The Best of Suede Disc 2,To the Birds,0,Suede,0.6748949289321899,Epik High,0.2059396654367447
Suede,The Best of Suede Disc 2,To the Birds,1,Muse,0.4421815276145935,Suede,0.30715903639793396
Suede,The Best of Suede Disc 2,To the Birds,10,Suede,0.9927043914794922,Epik High,0.0020079866517335176
Suede,The Best of Suede Disc 2,To the Birds,11,Suede,0.9936625957489014,Epik High,0.0016126034315675497
Suede,The Best of Suede Disc 2,To the Birds,12,Suede,0.9938651919364929,Mr.Big,0.0018409728072583675
Suede,The Best of Suede Disc 2,To the Birds,13,Madeon,0.45229458808898926,Suede,0.37271982431411743
Suede,The Best of Suede Disc 2,To the Birds,14,Suede,0.9915880560874939,Epik High,0.0026756604202091694
Suede,The Best of Suede Disc 2,To the Birds,15,Suede,0.9913767576217651,Epik High,0.0026982473209500313
Suede,The Best of Suede Disc 2,To the Birds,16,Suede,0.9794767498970032,Epik High,0.00731471786275506
Suede,The Best of Suede Disc 2,To the Birds,17,Madeon,0.49381789565086365,Suede,0.3941279351711273
Suede,The Best of Suede Disc 2,To the Birds,18,Suede,0.9842468500137329,Madeon,0.008935797028243542
Suede,The Best of Suede Disc 2,To the Birds,19,Suede,0.7995809316635132,Red Hot Chili Peppers,0.1541033685207367
Suede,The Best of Suede Disc 2,To the Birds,2,브로콜리 너마저,0.5049771070480347,Epik High,0.34001559019088745
Suede,The Best of Suede Disc 2,To the Birds,3,Suede,0.9631832838058472,Muse,0.02114172838628292
Suede,The Best of Suede Disc 2,To the Birds,4,Suede,0.9904558062553406,브로콜리 너마저,0.002973157214000821
Suede,The Best of Suede Disc 2,To the Birds,5,Suede,0.986748456954956,브로콜리 너마저,0.005175082478672266
Suede,The Best of Suede Disc 2,To the Birds,6,Suede,0.9901973009109497,브로콜리 너마저,0.0030417216476053
Suede,The Best of Suede Disc 2,To the Birds,7,Suede,0.9935680031776428,Epik High,0.0017177991103380919
Suede,The Best of Suede Disc 2,To the Birds,8,Suede,0.9928459525108337,Epik High,0.0024396211374551058
Suede,The Best of Suede Disc 2,To the Birds,9,Suede,0.9831468462944031,브로콜리 너마저,0.008090886287391186
브로콜리 너마저,졸업,이젠 안녕,0,브로콜리 너마저,0.8807796835899353,Mika,0.06295796483755112
브로콜리 너마저,졸업,이젠 안녕,1,브로콜리 너마저,0.9417790770530701,Suede,0.018155913800001144
브로콜리 너마저,졸업,이젠 안녕,10,브로콜리 너마저,0.9389851689338684,Mika,0.028918487951159477
브로콜리 너마저,졸업,이젠 안녕,11,브로콜리 너마저,0.9353529214859009,Mika,0.03138495236635208
브로콜리 너마저,졸업,이젠 안녕,12,브로콜리 너마저,0.935407280921936,Mika,0.023221781477332115
브로콜리 너마저,졸업,이젠 안녕,13,브로콜리 너마저,0.9539121389389038,Mika,0.01585712842643261
브로콜리 너마저,졸업,이젠 안녕,14,브로콜리 너마저,0.9534578323364258,Mika,0.014482319355010986
브로콜리 너마저,졸업,이젠 안녕,15,브로콜리 너마저,0.7854397892951965,Mika,0.08373869955539703
브로콜리 너마저,졸업,이젠 안녕,16,브로콜리 너마저,0.8747496008872986,Red Hot Chili Peppers,0.0853821262717247
브로콜리 너마저,졸업,이젠 안녕,17,브로콜리 너마저,0.9018492102622986,Suede,0.04206307604908943
브로콜리 너마저,졸업,이젠 안녕,18,브로콜리 너마저,0.9417816996574402,Suede,0.01488945260643959
브로콜리 너마저,졸업,이젠 안녕,19,브로콜리 너마저,0.4719878137111664,Suede,0.4544008672237396
브로콜리 너마저,졸업,이젠 안녕,2,브로콜리 너마저,0.9511711001396179,Mika,0.018066134303808212
브로콜리 너마저,졸업,이젠 안녕,3,브로콜리 너마저,0.9357568025588989,Mika,0.0324942022562027
브로콜리 너마저,졸업,이젠 안녕,4,브로콜리 너마저,0.9520185589790344,Mika,0.015746064484119415
브로콜리 너마저,졸업,이젠 안녕,5,브로콜리 너마저,0.9421971440315247,Mika,0.02597809210419655
브로콜리 너마저,졸업,이젠 안녕,6,브로콜리 너마저,0.9517695903778076,Mika,0.01770337112247944
브로콜리 너마저,졸업,이젠 안녕,7,브로콜리 너마저,0.9520480036735535,Mika,0.01644819602370262
브로콜리 너마저,졸업,이젠 안녕,8,브로콜리 너마저,0.8764947652816772,Suede,0.05296251177787781
브로콜리 너마저,졸업,이젠 안녕,9,브로콜리 너마저,0.8561716675758362,Red Hot Chili Peppers,0.09430192410945892
브로콜리 너마저,졸업,커뮤니케이션의 이해,0,브로콜리 너마저,0.9240173101425171,Red Hot Chili Peppers,0.018798615783452988
브로콜리 너마저,졸업,커뮤니케이션의 이해,1,브로콜리 너마저,0.9451587200164795,Muse,0.022873027250170708
브로콜리 너마저,졸업,커뮤니케이션의 이해,10,브로콜리 너마저,0.8218790292739868,Red Hot Chili Peppers,0.1224060207605362
브로콜리 너마저,졸업,커뮤니케이션의 이해,11,브로콜리 너마저,0.9199821352958679,Red Hot Chili Peppers,0.04304637759923935
브로콜리 너마저,졸업,커뮤니케이션의 이해,12,브로콜리 너마저,0.9186363816261292,Mika,0.032613445073366165
브로콜리 너마저,졸업,커뮤니케이션의 이해,13,브로콜리 너마저,0.33957093954086304,Fall Out Boy,0.3197956681251526
브로콜리 너마저,졸업,커뮤니케이션의 이해,14,브로콜리 너마저,0.9197149872779846,Mika,0.03596474230289459
브로콜리 너마저,졸업,커뮤니케이션의 이해,15,브로콜리 너마저,0.916015625,Muse,0.02513931132853031
브로콜리 너마저,졸업,커뮤니케이션의 이해,16,브로콜리 너마저,0.8706503510475159,Red Hot Chili Peppers,0.07334934175014496
브로콜리 너마저,졸업,커뮤니케이션의 이해,17,브로콜리 너마저,0.9087337255477905,Mika,0.03996529057621956
브로콜리 너마저,졸업,커뮤니케이션의 이해,18,Rage Against the Machine,0.5332244634628296,Red Hot Chili Peppers,0.3216671943664551
브로콜리 너마저,졸업,커뮤니케이션의 이해,19,브로콜리 너마저,0.5819727182388306,Mika,0.15842077136039734
브로콜리 너마저,졸업,커뮤니케이션의 이해,2,브로콜리 너마저,0.9139754176139832,Muse,0.047748759388923645
브로콜리 너마저,졸업,커뮤니케이션의 이해,3,브로콜리 너마저,0.8728054165840149,Muse,0.049937937408685684
브로콜리 너마저,졸업,커뮤니케이션의 이해,4,브로콜리 너마저,0.8672035932540894,Red Hot Chili Peppers,0.07150998711585999
브로콜리 너마저,졸업,커뮤니케이션의 이해,5,브로콜리 너마저,0.9436891674995422,Mika,0.023307977244257927
브로콜리 너마저,졸업,커뮤니케이션의 이해,6,브로콜리 너마저,0.6421805620193481,Fall Out Boy,0.14247527718544006
브로콜리 너마저,졸업,커뮤니케이션의 이해,7,브로콜리 너마저,0.90102618932724,Mika,0.0332699790596962
브로콜리 너마저,졸업,커뮤니케이션의 이해,8,브로콜리 너마저,0.9441046714782715,Muse,0.018387967720627785
브로콜리 너마저,졸업,커뮤니케이션의 이해,9,브로콜리 너마저,0.8630624413490295,Red Hot Chili Peppers,0.09695970267057419
